{
    "nodes_identifier": 5,
    "resources_identifier": 20,
    "nodes": {
        "0": {
            "id": 0,
            "pos": {
                "X": 198.69393920898438,
                "Y": 233.73272705078125
            },
            "type": "moss_farm",
            "resources": {
                "0": {
                    "id": 0,
                    "resource_type": "moss",
                    "pos": {
                        "X": 198.22002691579905,
                        "Y": 232.48979577127307
                    }
                },
                "1": {
                    "id": 1,
                    "resource_type": "moss",
                    "pos": {
                        "X": 206.38281575920922,
                        "Y": 227.9212828802663
                    }
                },
                "10": {
                    "id": 10,
                    "resource_type": "moss",
                    "pos": {
                        "X": 194.7460090378236,
                        "Y": 227.38973074220874
                    }
                },
                "11": {
                    "id": 11,
                    "resource_type": "moss",
                    "pos": {
                        "X": 201.68362790477056,
                        "Y": 228.67363198033362
                    }
                },
                "12": {
                    "id": 12,
                    "resource_type": "moss",
                    "pos": {
                        "X": 203.12039633198773,
                        "Y": 216.9853200770533
                    }
                },
                "13": {
                    "id": 13,
                    "resource_type": "moss",
                    "pos": {
                        "X": 206.28737070693302,
                        "Y": 250.29736651677842
                    }
                },
                "14": {
                    "id": 14,
                    "resource_type": "moss",
                    "pos": {
                        "X": 177.34599455774244,
                        "Y": 232.40775027754808
                    }
                },
                "15": {
                    "id": 15,
                    "resource_type": "moss",
                    "pos": {
                        "X": 190.74277125812833,
                        "Y": 238.38446890842908
                    }
                },
                "16": {
                    "id": 16,
                    "resource_type": "moss",
                    "pos": {
                        "X": 197.73295338167264,
                        "Y": 234.3636992935115
                    }
                },
                "17": {
                    "id": 17,
                    "resource_type": "moss",
                    "pos": {
                        "X": 210.88427833581554,
                        "Y": 250.4417509616106
                    }
                },
                "18": {
                    "id": 18,
                    "resource_type": "moss",
                    "pos": {
                        "X": 197.50965116017784,
                        "Y": 245.19784463232088
                    }
                },
                "19": {
                    "id": 19,
                    "resource_type": "moss",
                    "pos": {
                        "X": 194.45551039546544,
                        "Y": 237.38219867940282
                    }
                },
                "2": {
                    "id": 2,
                    "resource_type": "moss",
                    "pos": {
                        "X": 203.32066324701606,
                        "Y": 244.85241984270357
                    }
                },
                "3": {
                    "id": 3,
                    "resource_type": "moss",
                    "pos": {
                        "X": 185.32169127206745,
                        "Y": 229.37416868456893
                    }
                },
                "4": {
                    "id": 4,
                    "resource_type": "moss",
                    "pos": {
                        "X": 192.361253828769,
                        "Y": 216.53791449796103
                    }
                },
                "5": {
                    "id": 5,
                    "resource_type": "moss",
                    "pos": {
                        "X": 204.73412069042257,
                        "Y": 240.19847693351068
                    }
                },
                "6": {
                    "id": 6,
                    "resource_type": "moss",
                    "pos": {
                        "X": 208.17803644634,
                        "Y": 240.59874432663634
                    }
                },
                "7": {
                    "id": 7,
                    "resource_type": "moss",
                    "pos": {
                        "X": 202.20043464922932,
                        "Y": 227.15296774883123
                    }
                },
                "8": {
                    "id": 8,
                    "resource_type": "moss",
                    "pos": {
                        "X": 189.67536091302046,
                        "Y": 253.10909245541464
                    }
                },
                "9": {
                    "id": 9,
                    "resource_type": "moss",
                    "pos": {
                        "X": 200.4071842786227,
                        "Y": 253.62666064576305
                    }
                }
            }
        },
        "1": {
            "id": 1,
            "pos": {
                "X": 341.84002685546875,
                "Y": 329.526611328125
            },
            "type": "none",
            "resources": {}
        },
        "2": {
            "id": 2,
            "pos": {
                "X": 314.1458740234375,
                "Y": 112.79229736328125
            },
            "type": "none",
            "resources": {}
        },
        "3": {
            "id": 3,
            "pos": {
                "X": 101.5194091796875,
                "Y": 387.0799560546875
            },
            "type": "none",
            "resources": {}
        },
        "4": {
            "id": 4,
            "pos": {
                "X": 279.00732421875,
                "Y": 464.475830078125
            },
            "type": "none",
            "resources": {}
        }
    },
    "connections": [
        {
            "nodes": {
                "node_1": 0,
                "node_2": 3
            },
            "length": 181.544104640143
        },
        {
            "nodes": {
                "node_1": 0,
                "node_2": 1
            },
            "length": 172.24189581352184
        },
        {
            "nodes": {
                "node_1": 0,
                "node_2": 2
            },
            "length": 167.19969134360824
        },
        {
            "nodes": {
                "node_1": 1,
                "node_2": 2
            },
            "length": 218.49651931070977
        },
        {
            "nodes": {
                "node_1": 1,
                "node_2": 4
            },
            "length": 148.8598003554676
        },
        {
            "nodes": {
                "node_1": 3,
                "node_2": 4
            },
            "length": 193.62872023737927
        }
    ],
    "units": [
        {
            "state": "growing_moss",
            "node": 0,
            "traversing_path": null,
            "traversing_connection": null,
            "traversing_step": 0,
            "traversing_progress": 0,
            "task": {
                "type": "grow_moss",
                "node_id": 0
            },
            "task_steps": [
                {
                    "type": "traverse_to",
                    "node_id": 0
                },
                {
                    "type": "start_lerp",